top,bottom
1236lowNoise.jpg,1762MedNoise.jpg
1188lowNoise.jpg,1548MedNoise.jpg
0626lowNoise.jpg,1735MedNoise.jpg
0421lowNoise.jpg,1488MedNoise.jpg
1835lowNoise.jpg,0418MedNoise.jpg
0923lowNoise.jpg,1140MedNoise.jpg
1983lowNoise.jpg,1748MedNoise.jpg
1105lowNoise.jpg,1595MedNoise.jpg
1842lowNoise.jpg,1537MedNoise.jpg
1617lowNoise.jpg,1932MedNoise.jpg
1235lowNoise.jpg,1456MedNoise.jpg
0835lowNoise.jpg,1748MedNoise.jpg
0730lowNoise.jpg,2171MedNoise.jpg
0240lowNoise.jpg,0472MedNoise.jpg
1282lowNoise.jpg,0078MedNoise.jpg
0921lowNoise.jpg,1660MedNoise.jpg
0517lowNoise.jpg,0703MedNoise.jpg
0717lowNoise.jpg,1806MedNoise.jpg
0331lowNoise.jpg,0434MedNoise.jpg
1859lowNoise.jpg,0493MedNoise.jpg
0935lowNoise.jpg,0216MedNoise.jpg
0558lowNoise.jpg,0269MedNoise.jpg
0914lowNoise.jpg,1909MedNoise.jpg
0047lowNoise.jpg,0984MedNoise.jpg
1018lowNoise.jpg,1850MedNoise.jpg
1257lowNoise.jpg,2049MedNoise.jpg
1309lowNoise.jpg,1738MedNoise.jpg
1674lowNoise.jpg,1351MedNoise.jpg
0923lowNoise.jpg,1110MedNoise.jpg
1977lowNoise.jpg,0844MedNoise.jpg
0586lowNoise.jpg,1770MedNoise.jpg
1554lowNoise.jpg,1923MedNoise.jpg
1605lowNoise.jpg,0065MedNoise.jpg
1318lowNoise.jpg,1523MedNoise.jpg
1523lowNoise.jpg,0808MedNoise.jpg
1945lowNoise.jpg,1775MedNoise.jpg
0206lowNoise.jpg,1950MedNoise.jpg
1208lowNoise.jpg,0055MedNoise.jpg
1820lowNoise.jpg,1154MedNoise.jpg
0419lowNoise.jpg,1418MedNoise.jpg
1447lowNoise.jpg,0513MedNoise.jpg
1594lowNoise.jpg,1718MedNoise.jpg
0290lowNoise.jpg,1976MedNoise.jpg
0035lowNoise.jpg,2026MedNoise.jpg
0774lowNoise.jpg,0117MedNoise.jpg
0204lowNoise.jpg,1656MedNoise.jpg
0909lowNoise.jpg,0511MedNoise.jpg
1416lowNoise.jpg,0593MedNoise.jpg
0812lowNoise.jpg,1311MedNoise.jpg
1057lowNoise.jpg,1995MedNoise.jpg
0305lowNoise.jpg,0540MedNoise.jpg
1749lowNoise.jpg,1337MedNoise.jpg
1863lowNoise.jpg,0682MedNoise.jpg
1681lowNoise.jpg,0794MedNoise.jpg
1176lowNoise.jpg,0493MedNoise.jpg
0323lowNoise.jpg,2193MedNoise.jpg
1923lowNoise.jpg,0581MedNoise.jpg
0054lowNoise.jpg,2105MedNoise.jpg
1926lowNoise.jpg,0388MedNoise.jpg
0509lowNoise.jpg,0863MedNoise.jpg
0605lowNoise.jpg,0881MedNoise.jpg
1933lowNoise.jpg,1700MedNoise.jpg
0986lowNoise.jpg,0312MedNoise.jpg
1174lowNoise.jpg,0692MedNoise.jpg
0376lowNoise.jpg,1758MedNoise.jpg
0352lowNoise.jpg,0224MedNoise.jpg
1999lowNoise.jpg,1000MedNoise.jpg
1447lowNoise.jpg,1389MedNoise.jpg
0981lowNoise.jpg,0300MedNoise.jpg
0362lowNoise.jpg,1075MedNoise.jpg
0445lowNoise.jpg,0073MedNoise.jpg
1997lowNoise.jpg,1143HighNoise.jpg
1217lowNoise.jpg,0590HighNoise.jpg
2059lowNoise.jpg,1390HighNoise.jpg
0209lowNoise.jpg,2094HighNoise.jpg
0692lowNoise.jpg,1727HighNoise.jpg
0462lowNoise.jpg,2090HighNoise.jpg
0541lowNoise.jpg,1241HighNoise.jpg
1039lowNoise.jpg,2056HighNoise.jpg
2217lowNoise.jpg,1874HighNoise.jpg
0171lowNoise.jpg,2024HighNoise.jpg
1550lowNoise.jpg,1510HighNoise.jpg
0288lowNoise.jpg,1736HighNoise.jpg
2128lowNoise.jpg,1698HighNoise.jpg
1872lowNoise.jpg,0698HighNoise.jpg
1745lowNoise.jpg,0056HighNoise.jpg
0216lowNoise.jpg,1689HighNoise.jpg
0667lowNoise.jpg,0603HighNoise.jpg
0241lowNoise.jpg,1301HighNoise.jpg
0818lowNoise.jpg,0121HighNoise.jpg
1200lowNoise.jpg,2147HighNoise.jpg
0839lowNoise.jpg,0746HighNoise.jpg
0649lowNoise.jpg,1219HighNoise.jpg
0979lowNoise.jpg,0757HighNoise.jpg
1780lowNoise.jpg,0006HighNoise.jpg
1194lowNoise.jpg,0711HighNoise.jpg
1080lowNoise.jpg,0220HighNoise.jpg
1051lowNoise.jpg,1410HighNoise.jpg
0957lowNoise.jpg,1372HighNoise.jpg
1066lowNoise.jpg,1291HighNoise.jpg
0493lowNoise.jpg,0065HighNoise.jpg
2159lowNoise.jpg,2194HighNoise.jpg
0100lowNoise.jpg,0597HighNoise.jpg
1102lowNoise.jpg,0949HighNoise.jpg
1226lowNoise.jpg,0653HighNoise.jpg
0628lowNoise.jpg,0676HighNoise.jpg
0104lowNoise.jpg,0923HighNoise.jpg
1915lowNoise.jpg,0446HighNoise.jpg
1995lowNoise.jpg,1863HighNoise.jpg
1412lowNoise.jpg,1493HighNoise.jpg
0549lowNoise.jpg,1283HighNoise.jpg
1046lowNoise.jpg,0850HighNoise.jpg
1843lowNoise.jpg,1499HighNoise.jpg
1240lowNoise.jpg,0073HighNoise.jpg
0220lowNoise.jpg,0168HighNoise.jpg
1214lowNoise.jpg,2096HighNoise.jpg
1427lowNoise.jpg,1998HighNoise.jpg
1064lowNoise.jpg,2070HighNoise.jpg
0201lowNoise.jpg,0529HighNoise.jpg
2008lowNoise.jpg,1684HighNoise.jpg
2029lowNoise.jpg,0811HighNoise.jpg
0466lowNoise.jpg,2091HighNoise.jpg
0796lowNoise.jpg,0610HighNoise.jpg
1725lowNoise.jpg,0849HighNoise.jpg
0253lowNoise.jpg,1379HighNoise.jpg
0830lowNoise.jpg,0057HighNoise.jpg
1666lowNoise.jpg,0645HighNoise.jpg
1182lowNoise.jpg,1708HighNoise.jpg
0480lowNoise.jpg,0912HighNoise.jpg
0462lowNoise.jpg,0562HighNoise.jpg
0729lowNoise.jpg,0546HighNoise.jpg
0492lowNoise.jpg,0037HighNoise.jpg
0188lowNoise.jpg,0875HighNoise.jpg
1795lowNoise.jpg,0240HighNoise.jpg
1111lowNoise.jpg,0208HighNoise.jpg
2144lowNoise.jpg,2057HighNoise.jpg
2041lowNoise.jpg,1700HighNoise.jpg
1225lowNoise.jpg,2060HighNoise.jpg
0990lowNoise.jpg,1075HighNoise.jpg
1394lowNoise.jpg,1026HighNoise.jpg
1880lowNoise.jpg,1421HighNoise.jpg
1136lowNoise.jpg,2179HighNoise.jpg
0762MedNoise.jpg,0041lowNoise.jpg
0035MedNoise.jpg,1185lowNoise.jpg
0122MedNoise.jpg,1201lowNoise.jpg
0086MedNoise.jpg,0272lowNoise.jpg
0806MedNoise.jpg,0431lowNoise.jpg
1488MedNoise.jpg,1428lowNoise.jpg
0887MedNoise.jpg,0079lowNoise.jpg
1411MedNoise.jpg,0132lowNoise.jpg
2202MedNoise.jpg,0936lowNoise.jpg
1831MedNoise.jpg,1533lowNoise.jpg
1618MedNoise.jpg,1245lowNoise.jpg
1815MedNoise.jpg,0790lowNoise.jpg
1163MedNoise.jpg,1689lowNoise.jpg
0065MedNoise.jpg,0561lowNoise.jpg
1341MedNoise.jpg,1090lowNoise.jpg
1960MedNoise.jpg,2208lowNoise.jpg
0487MedNoise.jpg,1914lowNoise.jpg
1354MedNoise.jpg,1084lowNoise.jpg
1653MedNoise.jpg,0830lowNoise.jpg
1214MedNoise.jpg,2143lowNoise.jpg
0673MedNoise.jpg,1426lowNoise.jpg
1680MedNoise.jpg,1025lowNoise.jpg
1961MedNoise.jpg,2133lowNoise.jpg
1102MedNoise.jpg,0395lowNoise.jpg
1769MedNoise.jpg,1065lowNoise.jpg
0589MedNoise.jpg,1517lowNoise.jpg
0491MedNoise.jpg,0832lowNoise.jpg
1141MedNoise.jpg,0537lowNoise.jpg
1608MedNoise.jpg,0682lowNoise.jpg
0491MedNoise.jpg,0932lowNoise.jpg
0548MedNoise.jpg,0982lowNoise.jpg
1603MedNoise.jpg,1088lowNoise.jpg
0286MedNoise.jpg,1699lowNoise.jpg
1378MedNoise.jpg,2172lowNoise.jpg
1955MedNoise.jpg,1264lowNoise.jpg
0311MedNoise.jpg,0184lowNoise.jpg
0841MedNoise.jpg,0089lowNoise.jpg
2093MedNoise.jpg,1994lowNoise.jpg
0486MedNoise.jpg,1659lowNoise.jpg
1560MedNoise.jpg,1901lowNoise.jpg
1628MedNoise.jpg,0885lowNoise.jpg
0190MedNoise.jpg,0343lowNoise.jpg
2107MedNoise.jpg,0974lowNoise.jpg
0630MedNoise.jpg,2160lowNoise.jpg
0160MedNoise.jpg,1200lowNoise.jpg
0857MedNoise.jpg,1952lowNoise.jpg
1395MedNoise.jpg,0086lowNoise.jpg
1208MedNoise.jpg,0793lowNoise.jpg
1144MedNoise.jpg,0484lowNoise.jpg
2096MedNoise.jpg,0211lowNoise.jpg
1721MedNoise.jpg,0538lowNoise.jpg
1560MedNoise.jpg,0451lowNoise.jpg
1793MedNoise.jpg,2051lowNoise.jpg
1011MedNoise.jpg,1950lowNoise.jpg
0705MedNoise.jpg,1117lowNoise.jpg
0848MedNoise.jpg,1736lowNoise.jpg
1632MedNoise.jpg,0262lowNoise.jpg
1726MedNoise.jpg,0007lowNoise.jpg
0968MedNoise.jpg,0709lowNoise.jpg
0916MedNoise.jpg,0456lowNoise.jpg
0641MedNoise.jpg,0607lowNoise.jpg
0314MedNoise.jpg,1533lowNoise.jpg
0729MedNoise.jpg,1284lowNoise.jpg
0012MedNoise.jpg,0238lowNoise.jpg
0890MedNoise.jpg,0300lowNoise.jpg
1118MedNoise.jpg,1263lowNoise.jpg
1205MedNoise.jpg,1661lowNoise.jpg
0837MedNoise.jpg,2060lowNoise.jpg
2015MedNoise.jpg,1971lowNoise.jpg
2071MedNoise.jpg,1155lowNoise.jpg
2171MedNoise.jpg,1345lowNoise.jpg
1968HighNoise.jpg,0244lowNoise.jpg
0364HighNoise.jpg,0418lowNoise.jpg
0157HighNoise.jpg,1410lowNoise.jpg
0343HighNoise.jpg,2124lowNoise.jpg
1443HighNoise.jpg,1593lowNoise.jpg
1375HighNoise.jpg,2090lowNoise.jpg
1579HighNoise.jpg,0880lowNoise.jpg
0108HighNoise.jpg,0431lowNoise.jpg
1597HighNoise.jpg,1869lowNoise.jpg
0505HighNoise.jpg,0777lowNoise.jpg
0754HighNoise.jpg,0451lowNoise.jpg
1873HighNoise.jpg,1040lowNoise.jpg
0652HighNoise.jpg,0080lowNoise.jpg
0845HighNoise.jpg,0980lowNoise.jpg
1887HighNoise.jpg,0702lowNoise.jpg
2087HighNoise.jpg,1544lowNoise.jpg
2110HighNoise.jpg,1308lowNoise.jpg
0844HighNoise.jpg,0150lowNoise.jpg
0438HighNoise.jpg,1227lowNoise.jpg
1115HighNoise.jpg,0734lowNoise.jpg
1379HighNoise.jpg,1339lowNoise.jpg
1287HighNoise.jpg,0024lowNoise.jpg
1876HighNoise.jpg,1733lowNoise.jpg
0680HighNoise.jpg,1089lowNoise.jpg
0797HighNoise.jpg,1637lowNoise.jpg
2136HighNoise.jpg,0856lowNoise.jpg
0989HighNoise.jpg,1152lowNoise.jpg
0946HighNoise.jpg,0353lowNoise.jpg
0886HighNoise.jpg,0005lowNoise.jpg
1402HighNoise.jpg,0048lowNoise.jpg
0590HighNoise.jpg,0802lowNoise.jpg
1269HighNoise.jpg,2208lowNoise.jpg
1673HighNoise.jpg,0590lowNoise.jpg
0203HighNoise.jpg,1920lowNoise.jpg
0420HighNoise.jpg,0348lowNoise.jpg
1699HighNoise.jpg,1780lowNoise.jpg
1955HighNoise.jpg,2099lowNoise.jpg
0993HighNoise.jpg,0890lowNoise.jpg
1735HighNoise.jpg,1685lowNoise.jpg
0941HighNoise.jpg,0110lowNoise.jpg
1659HighNoise.jpg,1336lowNoise.jpg
2051HighNoise.jpg,1837lowNoise.jpg
1393HighNoise.jpg,0826lowNoise.jpg
1531HighNoise.jpg,1570lowNoise.jpg
0010HighNoise.jpg,0754lowNoise.jpg
1133HighNoise.jpg,0274lowNoise.jpg
1723HighNoise.jpg,0891lowNoise.jpg
0869HighNoise.jpg,0512lowNoise.jpg
1341HighNoise.jpg,0862lowNoise.jpg
2085HighNoise.jpg,0661lowNoise.jpg
0944HighNoise.jpg,1008lowNoise.jpg
1471HighNoise.jpg,0113lowNoise.jpg
0409HighNoise.jpg,1952lowNoise.jpg
1920HighNoise.jpg,1274lowNoise.jpg
0723HighNoise.jpg,0954lowNoise.jpg
0756HighNoise.jpg,0598lowNoise.jpg
0426HighNoise.jpg,1692lowNoise.jpg
1258HighNoise.jpg,1578lowNoise.jpg
1042HighNoise.jpg,0613lowNoise.jpg
1284HighNoise.jpg,1807lowNoise.jpg
0518HighNoise.jpg,0322lowNoise.jpg
1490HighNoise.jpg,0295lowNoise.jpg
1721HighNoise.jpg,0562lowNoise.jpg
1268HighNoise.jpg,0766lowNoise.jpg
0176HighNoise.jpg,0287lowNoise.jpg
1175HighNoise.jpg,1948lowNoise.jpg
0683HighNoise.jpg,1931lowNoise.jpg
1479HighNoise.jpg,0835lowNoise.jpg
1784HighNoise.jpg,1398lowNoise.jpg
1824HighNoise.jpg,1927lowNoise.jpg
1587HighNoise.jpg,0148lowNoise.jpg
1704MedNoise.jpg,2217HighNoise.jpg
0742MedNoise.jpg,1264HighNoise.jpg
0907MedNoise.jpg,1219HighNoise.jpg
1647MedNoise.jpg,0476HighNoise.jpg
2110MedNoise.jpg,0445HighNoise.jpg
1443MedNoise.jpg,0184HighNoise.jpg
0790MedNoise.jpg,0709HighNoise.jpg
0972MedNoise.jpg,0241HighNoise.jpg
1656MedNoise.jpg,1886HighNoise.jpg
1261MedNoise.jpg,0087HighNoise.jpg
0360MedNoise.jpg,1806HighNoise.jpg
0109MedNoise.jpg,1140HighNoise.jpg
1093MedNoise.jpg,0275HighNoise.jpg
0704MedNoise.jpg,1449HighNoise.jpg
1991MedNoise.jpg,0558HighNoise.jpg
0746MedNoise.jpg,0100HighNoise.jpg
1999MedNoise.jpg,0391HighNoise.jpg
1609MedNoise.jpg,1582HighNoise.jpg
0851MedNoise.jpg,1948HighNoise.jpg
0195MedNoise.jpg,1902HighNoise.jpg
0284MedNoise.jpg,1081HighNoise.jpg
1987MedNoise.jpg,0376HighNoise.jpg
1335MedNoise.jpg,0543HighNoise.jpg
1439MedNoise.jpg,0914HighNoise.jpg
0603MedNoise.jpg,1851HighNoise.jpg
1625MedNoise.jpg,2022HighNoise.jpg
0647MedNoise.jpg,0886HighNoise.jpg
2050MedNoise.jpg,0389HighNoise.jpg
2096MedNoise.jpg,1996HighNoise.jpg
0188MedNoise.jpg,1932HighNoise.jpg
1710MedNoise.jpg,0788HighNoise.jpg
1904MedNoise.jpg,0295HighNoise.jpg
0872MedNoise.jpg,1890HighNoise.jpg
2031MedNoise.jpg,1232HighNoise.jpg
0562MedNoise.jpg,1244HighNoise.jpg
1213MedNoise.jpg,0359HighNoise.jpg
0123MedNoise.jpg,0477HighNoise.jpg
2140MedNoise.jpg,1141HighNoise.jpg
1146MedNoise.jpg,0562HighNoise.jpg
0070MedNoise.jpg,1178HighNoise.jpg
0710MedNoise.jpg,0698HighNoise.jpg
0489MedNoise.jpg,1494HighNoise.jpg
0885MedNoise.jpg,0070HighNoise.jpg
1362MedNoise.jpg,1871HighNoise.jpg
0880MedNoise.jpg,0851HighNoise.jpg
0178MedNoise.jpg,0224HighNoise.jpg
1681MedNoise.jpg,0321HighNoise.jpg
0389MedNoise.jpg,0657HighNoise.jpg
0051MedNoise.jpg,1925HighNoise.jpg
1200MedNoise.jpg,0552HighNoise.jpg
1413MedNoise.jpg,1993HighNoise.jpg
0944MedNoise.jpg,1811HighNoise.jpg
0289MedNoise.jpg,1285HighNoise.jpg
0529MedNoise.jpg,1618HighNoise.jpg
0250MedNoise.jpg,1753HighNoise.jpg
1160MedNoise.jpg,0393HighNoise.jpg
1523MedNoise.jpg,0254HighNoise.jpg
0682MedNoise.jpg,1640HighNoise.jpg
0025MedNoise.jpg,1333HighNoise.jpg
0527MedNoise.jpg,0491HighNoise.jpg
1215MedNoise.jpg,2103HighNoise.jpg
0394MedNoise.jpg,0706HighNoise.jpg
0519MedNoise.jpg,1048HighNoise.jpg
0620MedNoise.jpg,2109HighNoise.jpg
1752MedNoise.jpg,0464HighNoise.jpg
2046MedNoise.jpg,1303HighNoise.jpg
0436MedNoise.jpg,0281HighNoise.jpg
2153MedNoise.jpg,0403HighNoise.jpg
1175MedNoise.jpg,2041HighNoise.jpg
1258MedNoise.jpg,1817HighNoise.jpg
0980MedNoise.jpg,1009HighNoise.jpg
0723HighNoise.jpg,1523MedNoise.jpg
1191HighNoise.jpg,0635MedNoise.jpg
1089HighNoise.jpg,0152MedNoise.jpg
1024HighNoise.jpg,1780MedNoise.jpg
2031HighNoise.jpg,0996MedNoise.jpg
0758HighNoise.jpg,0262MedNoise.jpg
1076HighNoise.jpg,1859MedNoise.jpg
1664HighNoise.jpg,0756MedNoise.jpg
0663HighNoise.jpg,1163MedNoise.jpg
1385HighNoise.jpg,0868MedNoise.jpg
0128HighNoise.jpg,0894MedNoise.jpg
0112HighNoise.jpg,0967MedNoise.jpg
1350HighNoise.jpg,1201MedNoise.jpg
1348HighNoise.jpg,1903MedNoise.jpg
1242HighNoise.jpg,1821MedNoise.jpg
0856HighNoise.jpg,0702MedNoise.jpg
2116HighNoise.jpg,2171MedNoise.jpg
0297HighNoise.jpg,1373MedNoise.jpg
1293HighNoise.jpg,0430MedNoise.jpg
0029HighNoise.jpg,1851MedNoise.jpg
0058HighNoise.jpg,2103MedNoise.jpg
0208HighNoise.jpg,0435MedNoise.jpg
0694HighNoise.jpg,0959MedNoise.jpg
0020HighNoise.jpg,1499MedNoise.jpg
1281HighNoise.jpg,1183MedNoise.jpg
2150HighNoise.jpg,0804MedNoise.jpg
1249HighNoise.jpg,0471MedNoise.jpg
1869HighNoise.jpg,1209MedNoise.jpg
0086HighNoise.jpg,1331MedNoise.jpg
0940HighNoise.jpg,0251MedNoise.jpg
1850HighNoise.jpg,0045MedNoise.jpg
1806HighNoise.jpg,0106MedNoise.jpg
1149HighNoise.jpg,0939MedNoise.jpg
0773HighNoise.jpg,1081MedNoise.jpg
0279HighNoise.jpg,1314MedNoise.jpg
0023HighNoise.jpg,1030MedNoise.jpg
0164HighNoise.jpg,1920MedNoise.jpg
1950HighNoise.jpg,0162MedNoise.jpg
2003HighNoise.jpg,0495MedNoise.jpg
2210HighNoise.jpg,2104MedNoise.jpg
0667HighNoise.jpg,2051MedNoise.jpg
0567HighNoise.jpg,2042MedNoise.jpg
1504HighNoise.jpg,0389MedNoise.jpg
0347HighNoise.jpg,1294MedNoise.jpg
1965HighNoise.jpg,2180MedNoise.jpg
0887HighNoise.jpg,1984MedNoise.jpg
0922HighNoise.jpg,1845MedNoise.jpg
0139HighNoise.jpg,1515MedNoise.jpg
2140HighNoise.jpg,1065MedNoise.jpg
1713HighNoise.jpg,2172MedNoise.jpg
1744HighNoise.jpg,1019MedNoise.jpg
1968HighNoise.jpg,1914MedNoise.jpg
0713HighNoise.jpg,1591MedNoise.jpg
1053HighNoise.jpg,2052MedNoise.jpg
0639HighNoise.jpg,0343MedNoise.jpg
1519HighNoise.jpg,1894MedNoise.jpg
0101HighNoise.jpg,1250MedNoise.jpg
1129HighNoise.jpg,1758MedNoise.jpg
2012HighNoise.jpg,1236MedNoise.jpg
1618HighNoise.jpg,1098MedNoise.jpg
1737HighNoise.jpg,1922MedNoise.jpg
1239HighNoise.jpg,1831MedNoise.jpg
0753HighNoise.jpg,0827MedNoise.jpg
0379HighNoise.jpg,0873MedNoise.jpg
0948HighNoise.jpg,0955MedNoise.jpg
2126HighNoise.jpg,0978MedNoise.jpg
1524HighNoise.jpg,1710MedNoise.jpg
1786HighNoise.jpg,1311MedNoise.jpg
1586HighNoise.jpg,2146MedNoise.jpg
1697HighNoise.jpg,0795MedNoise.jpg
1451HighNoise.jpg,0538MedNoise.jpg
